Speaker,Repetition,Order,Word,oaf_20,oap_20,naf_20,oaf_50,oap_50,naf_50,oaf_80,oap_80,naf_80
Ben,1,1,boot,0.07070384,0.01528216,0.01994897,0.03895882,0.0032087,0.0079467,0.0492562,0.0059154,0.00067062
Ben,1,2,birm,0.07200729,0.00231787,-0.0130968,0.03555298,0.00244365,0.02353309,0.04043555,0.00137745,0.03302002
Ben,1,3,bait,0.08922555,0.00407186,-0.0166853,0.12616109,0.00345667,-0.0236676,0.09782188,0.00264848,0.02991237
Ben,1,4,bite,0.07430886,0.00208363,-0.0138481,0.09802088,0.00246621,-0.0146004,0.12017822,0.00326323,0.02436192
Ben,1,5,beat,0.0957102,0.00358045,-0.0253999,0.09375138,0.00329142,-0.0266649,0.08724831,0.00274969,0.03156918
Ben,1,6,bought,0.08388366,0.00309708,-0.007356,0.08792535,0.00237342,-0.0218139,0.16678923,0.00400241,0.02145894
Ben,1,7,Bert,0.10159804,0.00570394,0.01580811,0.11142558,0.00445772,0.00832725,0.13302927,0.0040462,0.006073
Ben,1,8,bout,0.06178634,0.00202401,0.00440844,0.12746277,0.00288475,0.0159075,0.14822423,0.00546203,0.03030396
Ben,1,9,bin,0.0787298,0.00408084,-0.066283,0.08208689,0.0025737,-0.0507881,0.08468628,0.00360449,-0.0222893
Ben,1,10,bound,0.06357514,0.00218637,-0.0642146,0.07438816,0.00199873,-0.0443445,0.09083074,0.00255672,-0.0171837
Ben,1,11,boon,0.09831486,0.00667626,-0.0197759,0.07400513,0.00256396,0.04944824,0.08407593,0.00585402,0.08457324
Ben,1,12,boing,0.13394735,0.01422434,0.00252286,0.101331,0.00481305,-0.003479,0.12466517,0.00448758,-0.0055558
Ben,1,13,but,0.15307617,0.00531089,0.01287842,0.14422383,0.0040875,0.01479301,0.14404879,0.00375577,0.01818848
Ben,1,14,born,0.1055403,0.00705979,0.0177275,0.12631224,0.00347902,0.01861572,0.15585463,0.00592709,0.01983643
Ben,1,15,bort,0.12137472,0.01490382,0.01916504,0.15381661,0.00559024,0.02090454,0.18981112,0.0055578,0.01470947
Ben,1,16,bun,0.11331319,0.00380961,0.01733398,0.08994749,0.00244892,0.0212219,0.08660889,0.00229277,0.01928221
Ben,1,17,boit,0.103302,0.00732803,0.02029419,0.13182493,0.00315969,0.01330792,0.11831628,0.00321063,0.01852275
Ben,1,18,Ben,0.06741333,0.0040256,0.00954005,0.08575439,0.00231775,0.01205565,0.08688008,0.00238583,0.01733414
Ben,1,19,barn,0.09414501,0.003213,0.01223755,0.08877564,0.00250223,0.01931782,0.08141659,0.00255487,0.02190755
Ben,1,20,bet,0.08672867,0.00420545,0.01193237,0.13357162,0.00302258,0.01364136,0.18062649,0.00521708,0.01989746
Ben,1,21,bot,0.08923854,0.00071973,0.01083374,0.13568947,0.0005077,0.00868737,0.19947705,0.00160862,0.02090649
Ben,1,22,Bart,0.11830842,0.00491198,0.01443481,0.13524262,0.00409686,0.01873694,0.17488377,0.00491388,0.01878635
Ben,1,23,bat,0.05835682,0.00158194,0.00958252,0.08769796,0.00066232,0.00854492,0.13706379,0.00109074,0.01876725
Ben,1,24,bean,0.10660384,0.00229663,0.01535034,0.07658522,0.00209978,0.0284105,0.04907227,0.00075286,0.02206249
Ben,1,25,bone,0.10394401,0.00479009,0.01422119,0.06086244,0.00263794,0.02059937,0.07697579,0.00432561,0.02044631
Ben,1,26,bit,0.14029464,0.01120389,0.01235962,0.13951428,0.00527344,0.01452536,0.1641744,0.0050987,0.019104
Ben,1,27,ban,0.10451901,0.00363673,0.00768077,0.09625097,0.00339235,0.02520773,0.09854126,0.00237165,0.02243042
Ben,1,28,boat,0.10394287,0.00651485,0.01583862,0.14431267,0.00668035,0.01937866,0.16722887,0.00656487,0.01806641
Ben,1,29,bomb,0.07216332,0.00665108,0.0240457,0.06317736,0.00533521,0.02334527,0.07458683,0.00546407,0.0211792
Ben,1,30,bind,0.07247925,0.00455943,0.01714174,0.07312012,0.00338127,0.02224731,0.07919401,0.00332756,0.01998901
Ben,1,31,bane,0.08572417,0.00512052,0.0126645,0.06680298,0.00509338,0.02325439,0.07608008,0.00421069,0.02270508
Ben,2,1,boit,0.12640728,0.01220029,0.0295105,0.14507845,0.0100412,0.02337738,0.1532148,0.0098152,0.02267532
Ben,2,2,bane,0.05566029,0.00694192,0.02026367,0.09036312,0.00654654,0.03867101,0.10308829,0.00589085,0.04495231
Ben,2,3,bean,0.11163405,0.00742487,0.01442698,0.1131897,0.00559492,0.01145965,0.10971069,0.00518844,0.02196211
Ben,2,4,boot,0.12185467,0.00811386,0.02658081,0.11294341,0.00661207,0.02639771,0.12408447,0.00704965,0.02529907
Ben,2,5,boon,0.1040815,0.00854008,0.02452987,0.10186641,0.00625749,0.02294991,0.1447234,0.0123178,0.02654238
Ben,2,6,bin,0.10922316,0.00808664,0.01531956,0.12967884,0.00741803,0.01801502,0.12729003,0.00670214,0.02462769
Ben,2,7,barn,0.11767578,0.00719068,0.02012637,0.11803563,0.00714646,0.0304807,0.12826505,0.0061634,0.02740479
Ben,2,8,bind,0.10386711,-0.0003445,0.00201416,0.11890146,-0.0006115,0.01483652,0.12170556,-0.0006104,0.02926636
Ben,2,9,bit,0.11743164,0.00991485,0.02319336,0.15097209,0.004945,0.0235603,0.15747841,0.00454213,0.02758789
Ben,2,10,bort,0.140288,0.01701797,0.03149321,0.15028142,0.00896835,0.03109741,0.21012692,0.00752035,0.02981567
Ben,2,11,bot,0.10578916,0.00615305,0.02041626,0.12789778,0.00543921,0.0234375,0.10539129,0.00360488,0.02804565
Ben,2,12,bat,0.09587202,0.00510079,0.02490234,0.14690386,0.00636799,0.02728084,0.14207417,0.0060785,0.03140061
Ben,2,13,Bart,0.1379108,0.00657392,0.02780338,0.13543349,0.00485376,0.03082275,0.12740957,0.00248392,0.03094482
Ben,2,14,Ben,0.11206771,0.00395101,0.02078107,0.1112677,0.00192332,0.01196289,0.11233521,0.0024015,0.02746582
Ben,2,15,bet,0.10045034,0.00747304,0.025007,0.11334481,0.00685316,0.02395759,0.13186646,0.00741418,0.02996826
Ben,2,16,boat,0.11318121,0.01030225,0.02728271,0.10748291,0.00875976,0.02853394,0.09786929,0.00915873,0.02838135
Ben,2,17,Bert,0.10006809,0.02005058,0.02856445,0.08216043,0.01780309,0.02917683,0.09898368,0.01705195,0.02984619
Ben,2,18,born,0.12295532,0.02243069,0.02236938,0.13619921,0.02124731,0.03225634,0.11985148,0.01945325,0.02956128
Ben,2,19,bomb,0.05811554,0.01154581,0.00384655,0.07903428,0.01131362,0.01678682,0.09610402,0.01119951,0.03298928
Ben,2,20,bite,0.10884299,0.00273226,0.02807617,0.11611938,0.00290198,0.0291748,0.10536549,0.00299694,0.02716064
Ben,2,21,bout,0.07605219,0.00047946,0.02401733,0.13090316,0.00053513,0.027771,0.12025854,-0.0002413,0.0302124
Ben,2,22,bait,0.11377016,0.0021677,0.02679444,0.13706595,0.00218576,0.02758789,0.12531301,0.00246517,0.02593994
Ben,2,23,beat,0.12143816,0.00647844,0.02435303,0.13223455,0.0023132,0.02041626,0.12150087,0.00202203,0.02334595
Ben,2,24,but,0.10981511,0.00504977,0.02157818,0.11116099,0.00267136,0.01750094,0.07686372,0.00210839,0.02536011
Ben,2,25,boing,0.16300774,0.01405848,0.01907302,0.13116455,0.00404268,0.01873633,0.12185669,0.00324144,0.03447342
Ben,2,26,bought,0.08969085,0.00437264,0.02215402,0.10757237,0.0028968,0.02718991,0.12850088,0.00362925,0.03186035
Ben,2,27,ban,0.09166562,0.00417285,0.01330429,0.11102883,0.00136451,0.01092665,0.09738126,0.006106,0.04455566
Ben,2,28,bone,0.1125875,0.00908303,0.01678686,0.10461426,0.00815099,0.02252382,0.08157571,0.00768059,0.04046853
Ben,2,29,birm,0.12488019,0.00655657,0.01645143,0.07732994,0.00579942,0.03015137,0.0813917,0.00419859,0.02798239
Ben,2,30,bun,0.10629272,0.00689474,0.0144043,0.07955354,0.00549228,0.03378252,0.07888794,0.00491333,0.03689575
Ben,2,31,bound,0.0663136,0.01653374,0.02462543,0.08743962,0.01452988,0.04144287,0.11407527,0.01420972,0.03827108
Ben,3,1,Bart,0.12435896,-0.0025021,0.01867676,0.16052672,-0.0060502,0.01299974,0.18181477,-0.0093998,0.0189228
Ben,3,2,bane,0.07877574,-0.0061852,0.0085134,0.1022048,-0.0097464,0.0239563,0.05237701,-0.0116095,0.03768789
Ben,3,3,bought,0.09134478,-0.005331,0.01773071,0.12531841,-0.0086811,0.01003514,0.21955257,-0.0106797,0.01822124
Ben,3,4,but,0.13134766,-0.0034675,0.01614234,0.20287056,-0.007238,0.01055734,0.1652832,-0.0109681,0.02001953
Ben,3,5,birm,0.09495387,-0.0103949,0.01641846,0.0585022,-0.0137771,0.02084438,0.04084186,-0.0159125,0.01922833
Ben,3,6,Bert,0.14039862,0.00403734,0.01766968,0.15444519,-0.0012544,0.01873779,0.18298554,-0.0048854,0.01998901
Ben,3,7,bite,0.0974724,-0.0076909,0.01492384,0.14069409,-0.013441,0.00940072,0.16804938,-0.0157593,0.01941144
Ben,3,8,ban,0.0705249,-0.0126928,0.00905399,0.10919203,-0.0165096,0.0222168,0.14908061,-0.018328,0.02133179
Ben,3,9,bean,0.10066197,-0.0114915,0.01473999,0.0847168,-0.0153682,0.02471924,0.09860457,-0.0176392,0.02059937
Ben,3,10,bet,0.09953139,-0.0076942,0.01397481,0.11856006,-0.0119176,0.01473999,0.14441444,-0.0144735,0.02005005
Ben,3,11,boat,0.13110651,-0.0077877,0.01489258,0.14093159,-0.0114423,0.01465488,0.12242883,-0.0141528,0.01659056
Ben,3,12,bot,0.10056777,-0.010845,0.0140428,0.10848999,-0.0150566,0.01828003,0.09934592,-0.0162879,0.02175903
Ben,3,13,boing,0.13121723,-0.0132663,0.01236182,0.1540715,-0.0155922,0.01503703,0.10881637,-0.0180003,0.02173783
Ben,3,14,bort,0.11932454,-0.0124526,0.02005005,0.14895837,-0.015049,0.01690449,0.1017916,-0.0175772,0.0128479
Ben,3,15,bound,0.05601734,-0.0060072,0.02404785,0.12216294,-0.0092531,0.02255249,0.1493055,-0.0110187,0.02164934
Ben,3,16,bun,0.1414311,0.04662066,0.00750878,0.10457416,0.02275724,0.02023271,0.106016,0.01220092,0.022003
Ben,3,17,bout,0.08889146,0.03647304,0.01739502,0.17271533,0.0118081,0.02035522,0.14024477,0.00536322,0.01989746
Ben,3,18,bait,0.11660707,0.03540457,0.01010195,0.14458406,0.01606192,0.01537962,0.10236729,0.00987081,0.01702881
Ben,3,19,bind,0.07932232,0.01934962,0.02108986,0.11739078,0.00645938,0.02180973,0.10192871,0.00390866,0.01998901
Ben,3,20,bin,0.10723746,0.03078512,0.00255583,0.11651614,0.01367121,0.0116896,0.1052614,0.00661989,0.01635261
Ben,3,21,bone,0.13864259,0.03515879,0.00021295,0.1184175,0.01628621,0.01779392,0.14301341,0.01307682,0.02836612
Ben,3,22,born,0.12857281,0.02983487,0.0171814,0.16563112,0.01350278,0.01840054,0.09889256,0.00600754,0.01913452
Ben,3,23,bart,0.12171607,0.01158614,0.02313232,0.12846873,0.00010246,0.02261128,0.11859498,-0.0015581,0.02133179
Ben,3,24,boon,0.11389288,0.02834638,0.01507568,0.10021973,0.00852414,0.021698,0.1204743,0.00503849,0.02328491
Ben,3,25,bomb,0.07712498,0.02550223,-0.0101341,0.08393466,0.00816518,0.02185285,0.10856777,0.00247156,0.02209473
Ben,3,26,bit,0.14381755,0.03627396,0.01747276,0.14510995,0.01938088,0.01216746,0.12263333,0.01224627,0.0161438
Ben,3,27,boit,0.13798628,0.02267097,0.02105713,0.13916409,0.00665839,0.01156616,0.0741936,0.00172823,0.00808572
Ben,3,28,Ben,0.08466801,0.02753716,0.00832135,0.11275625,0.01241126,0.00146484,0.12481689,0.007359,0.02279663
Ben,3,29,boot,0.10373222,0.04379462,0.01937866,0.075415,0.02515398,0.01922607,0.0726333,0.01559706,0.01950073
Ben,3,30,bat,0.04701535,0.02519264,0.00968671,0.11264038,0.01404406,0.01724243,0.12259526,0.01126813,0.01864575
Ben,3,31,beat,0.08800789,0.05030983,0.01599121,0.11550507,0.03551968,0.01745645,0.12257686,0.02785883,0.01644741
Ben,4,1,bun,0.1156217,0.16199325,0.01115988,0.10537853,0.16021319,0.03778079,0.04598206,0.15982056,0.04535629
Ben,4,2,boing,0.10972431,0.16415086,0.01779014,0.11435311,0.16387668,0.02762216,0.07923357,0.16218663,0.04038352
Ben,4,3,boat,0.0948876,0.1668189,0.01947021,0.10974254,0.16534805,0.02102677,0.09060831,0.16433508,0.01821899
Ben,4,4,bat,0.03370398,0.1696572,0.0201416,0.11519785,0.1679402,0.01983643,0.17299318,0.16693529,0.02434206
Ben,4,5,bind,0.08488909,0.16548516,0.01307319,0.08234382,0.16381346,0.02746582,0.11782944,0.16265935,0.027771
Ben,4,6,Bert,0.10965111,0.16412716,0.0156574,0.11236947,0.16287268,0.02102897,0.07383758,0.1622214,0.02484131
Ben,4,7,boon,0.07368005,0.15506353,0.02093506,0.07473755,0.15374815,0.03210449,0.05117798,0.15258347,0.03440455
Ben,4,8,Bart,0.11807155,0.14967511,0.02011108,0.11978071,0.14770144,0.02166748,0.09433496,0.14718045,0.02105713
Ben,4,9,but,0.12323018,0.14932187,0.01803589,0.15074691,0.14763466,0.0206604,0.13543231,0.14698808,0.02175903
Ben,4,10,Ben,0.1060654,0.14693745,0.00558472,0.11516356,0.14547729,0.03265262,0.12748645,0.14480609,0.03430176
Ben,4,11,beat,0.11962891,0.14614792,0.01879883,0.14703852,0.14514752,0.0183373,0.13717541,0.14483191,0.02441406
Ben,4,12,barn,0.1560066,0.12344252,0.0146473,0.13388062,0.12279622,0.03527832,0.1108061,0.12246849,0.03076035
Ben,4,13,bout,0.05717823,0.1364379,0.01635924,0.1735648,0.13470665,0.02612305,0.13072705,0.13461128,0.02828979
Ben,4,14,bound,0.07626796,0.14569867,0.01471065,0.08284604,0.14453253,0.0289996,0.11367798,0.1434673,0.03067115
Ben,4,15,bean,0.09416456,0.14683727,0.01971219,0.07373101,0.14575172,0.03039551,0.07672119,0.14535745,0.02895895
Ben,4,16,bait,0.12440008,0.14309182,0.02114868,0.14361733,0.14138625,0.0199585,0.13399806,0.1407919,0.02197266
Ben,4,17,boit,0.14065896,0.12924225,0.02172681,0.16433492,0.12905701,0.01919556,0.09839769,0.12816179,0.02210676
Ben,4,18,bane,0.09163849,0.13384809,0.01813323,0.09904363,0.13269928,0.02806425,0.09994571,0.13228325,0.02697754
Ben,4,19,bite,0.11192102,0.13934766,0.01931763,0.13079963,0.13737469,0.02008057,0.09970448,0.13642103,0.02105713
Ben,4,20,birm,0.13108175,0.1392794,0.02407722,0.06363139,0.13766423,0.02301025,0.0479126,0.13705465,0.0230108
Ben,4,21,boot,0.15774933,0.13665776,0.02212524,0.12234561,0.13543854,0.01934814,0.11972962,0.13476435,0.02017212
Ben,4,22,bort,0.13085938,0.1347152,0.0218811,0.21105765,0.13415713,0.02536072,0.11079145,0.13332639,0.02182007
Ben,4,23,bought,0.0995302,0.14622398,0.01873779,0.12103498,0.14457335,0.01919556,0.10013085,0.1440151,0.02444383
Ben,4,24,bet,0.12413563,0.14801898,0.01934814,0.14804072,0.14675903,0.02151492,0.13701318,0.14587659,0.02319336
Ben,4,25,bit,0.09225325,0.15162602,0.01950073,0.12589894,0.15023373,0.01911761,0.12676782,0.1494729,0.02111722
Ben,4,26,bomb,0.07246825,0.1496419,0.01378306,0.05673159,0.14755152,0.02496338,0.09994012,0.14669377,0.02673306
Ben,4,27,ban,0.12656169,0.15383381,0.01350696,0.09695435,0.15198316,0.02981567,0.15094172,0.15029219,0.03106689
Ben,4,28,bone,0.12628174,0.15226051,0.02600098,0.10501316,0.15054027,0.02639988,0.11434873,0.14938712,0.03140259
Ben,4,29,bot,0.10513406,0.15206744,0.01818848,0.10451799,0.15082387,0.01708935,0.12345855,0.14975049,0.03001373
Ben,4,30,born,0.14002875,0.1496279,0.02151669,0.13925077,0.14880395,0.02957131,0.09140059,0.14725586,0.02713013
Ben,4,31,bin,0.12382593,0.15321862,0.03079224,0.11520386,0.15206336,0.0289917,0.0382168,0.15036346,0.04211426
Ben,5,1,beat,0.121521,0.17385371,-0.0120253,0.12158324,0.17218416,-0.0171434,0.13046063,0.17128057,-0.0071571
Ben,5,2,bin,0.10528939,0.166403,-0.0239868,0.12225195,0.16437611,0.01219362,0.11552806,0.16382719,0.06080251
Ben,5,3,birm,0.1322431,0.16380372,0.00720087,0.07400634,0.16213542,0.04504273,0.07766931,0.16158545,0.05206284
Ben,5,4,bet,0.05154709,0.16291995,0.00412196,0.11577946,0.1618545,0.00476097,0.14154053,0.1608835,0.00778613
Ben,5,5,boing,0.09550335,0.16530514,0.00250244,0.1287816,0.16366587,0.02313738,0.09414673,0.16195228,0.05307007
Ben,5,6,Bert,0.12696388,0.15792045,0.01258262,0.11496033,0.15652452,0.00723215,0.12066971,0.15589762,0.00247192
Ben,5,7,bat,0.03186271,0.1588402,-0.0062235,0.09542097,0.15719619,0.01107803,0.16319149,0.15646578,0.01980591
Ben,5,8,Bart,0.09109607,0.159131,0.01446533,0.17663446,0.1566694,0.01641846,0.143607,0.15553431,0.01504214
Ben,5,9,Ben,0.08432934,0.13380467,-0.0295538,0.1057359,0.13263335,0.04280989,0.15104149,0.13295828,0.0741272
Ben,5,10,bomb,0.07758686,0.15278455,-0.0285047,0.05903245,0.15195585,0.05205896,0.12103127,0.15213293,0.06267713
Ben,5,11,born,0.14134819,0.1504229,-0.001952,0.13566776,0.14932034,0.05890588,0.11307962,0.14895785,0.06680298
Ben,5,12,bot,0.07360128,0.14781768,-0.0026529,0.10067754,0.14676263,-0.0069275,0.10604276,0.14648198,0.01831782
Ben,5,13,bind,0.11891992,0.15295166,-0.0079993,0.10070618,0.15120863,0.04549974,0.10983276,0.15002374,0.04498118
Ben,5,14,bean,0.07047102,0.1575334,0.02620947,0.0592041,0.15631294,0.06491075,0.07989793,0.15599606,0.07046509
Ben,5,15,boon,0.11639616,0.15777944,0.00704956,0.07565308,0.15677256,0.01744404,0.07655297,0.15681495,0.04841749
Ben,5,16,but,0.10647532,0.15676891,0.0031439,0.12603809,0.15446536,-0.0084575,0.10259183,0.15465196,0.01229763
Ben,5,17,barn,0.12132995,0.16041489,0.01273877,0.10710637,0.15888831,0.05404779,0.08752102,0.15868768,0.04403569
Ben,5,18,bort,0.11639995,0.16188959,0.02267456,0.14877684,0.16057503,0.0127571,0.09675449,0.1602046,0.01065063
Ben,5,19,bit,0.11465454,0.16291297,0.01022339,0.11819458,0.16170005,0.00924522,0.10333199,0.16085712,0.00558472
Ben,5,20,bait,0.10308939,0.16747379,-0.0097074,0.12490699,0.16586283,-0.0002802,0.09037895,0.16490155,0.01455688
Ben,5,21,bite,0.15126087,-0.079136,0.00793457,0.11575628,-0.0734108,0.00180253,0.05745383,-0.0678625,0.00483888
Ben,5,22,bout,0.07640331,0.03538089,-0.0063766,0.15364027,0.03715639,0.01932572,0.12195078,0.03936768,0.03503418
Ben,5,23,ban,0.07348633,0.08259438,0.02009531,0.09469491,0.08291593,0.05917358,0.12509165,0.08401509,0.05975352
Ben,5,24,bought,0.10226373,0.11166874,0.00818609,0.13536974,0.11160592,0.00155122,0.13840186,0.11233246,0.02221447
Ben,5,25,boit,0.1131286,0.12921133,0.02282715,0.14641037,0.12942836,0.01412919,0.09204824,0.12927643,0.00964374
Ben,5,26,bone,0.09484917,0.15164178,0.01277134,0.08282471,0.15116843,0.06115079,0.0639031,0.15084835,0.11618075
Ben,5,27,bun,0.08069862,0.1586635,0.01503661,0.09841863,0.15722198,0.05169678,0.09248127,0.15648405,0.05486902
Ben,5,28,boat,0.08559918,0.16384505,0.02035622,0.09487915,0.16244959,0.01723076,0.11279297,0.16186585,0.01507568
Ben,5,29,bane,0.0573438,0.16687394,0.01692011,0.07696591,0.16608044,0.05188046,0.09786853,0.16555827,0.06951904
Ben,5,30,bound,0.09397906,0.16720973,0.02372388,0.10656519,0.16541042,0.06991577,0.09285485,0.16509249,0.04849243
Ben,5,31,boot,0.12444175,0.17941393,0.02005005,0.10262938,0.17855978,0.01412964,0.10699354,0.17850114,0.01452828
Aurora,1,1,boot,0.0161025,0.02935689,-0.0030615,0.03247874,0.02452028,-0.0044861,0.05197266,0.02227661,-0.0064697
Aurora,1,2,birm,0.02993774,0.03076563,0.01815932,0.01674974,0.0268859,0.02071748,0.00970329,0.02477783,0.00628662
Aurora,1,3,bait,0.02749634,0.03549236,-0.0047908,0.04288011,0.03179957,-0.004425,0.04501343,0.02944778,-0.0016479
Aurora,1,4,bite,0.01492615,0.04183987,-0.0059204,0.03552169,0.03729533,-0.0125405,0.03027256,0.03532666,-0.0068466
Aurora,1,5,beat,0.01364005,0.03949608,-0.0001504,0.02749961,0.03640419,-0.001709,0.0462317,0.03448338,-0.0016174
Aurora,1,6,bought,0.02377319,0.03292815,-0.0001526,0.04421107,0.01690367,-0.0025635,0.06403835,0.00859989,-0.0041934
Aurora,1,7,Bert,0.05938721,0.03277685,-0.0014648,0.05374136,0.02529918,-0.0023193,0.08950598,0.02160871,-0.0021056
Aurora,1,8,bout,0.01724188,0.03647403,-0.0072341,0.06410239,0.02799479,-0.0068686,0.07204915,0.02297724,0.00799561
Aurora,1,9,bin,0.04577846,0.04757271,0.00353433,0.04583751,0.03976385,0.02505493,0.04530679,0.03513604,0.0269165
Aurora,1,10,bound,0.04598999,0.0384441,-0.005799,0.03756673,0.02966266,0.04641725,0.04443359,0.02417549,0.0271281
Aurora,1,11,boon,0.0798905,0.0331111,-0.0037582,0.02545166,0.02422647,0.01730347,0.0459769,0.0200091,0.01715088
Aurora,1,12,boing,0.02679443,0.02533581,-0.0048813,0.04030023,0.01954474,0.01393525,0.02344185,0.01780348,0.00457764
Aurora,1,13,but,0.0500223,0.03753344,-0.0032364,0.08987533,0.03256297,-0.0044556,0.14834023,0.03057928,-0.0042419
Aurora,1,14,born,0.05537147,0.04089355,-0.0106201,0.07815654,0.03494099,0.04116869,0.07886752,0.03449271,0.04693604
Aurora,1,15,bort,0.05239643,0.04214351,-0.0016174,0.10256814,0.03695584,-0.0027466,0.17482419,0.0348228,-0.0004883
Aurora,1,16,bun,0.07678128,0.03899756,0.00422165,0.07382203,0.03243917,0.02819773,0.07658618,0.02930225,0.0346084
Aurora,1,17,boit,0.06908844,0.02480774,-0.0003355,0.09368896,0.0106215,-0.0021059,0.11294274,0.00485584,-0.0041199
Aurora,1,18,Ben,0.05944824,0.02642069,0.00796377,0.06143881,0.01391602,0.02862677,0.08486822,0.00845585,0.04012844
Aurora,1,19,barn,0.07428103,0.00774935,-0.0084819,0.06585915,-0.0009528,0.0345459,0.07853097,-0.0017418,0.02450562
Aurora,1,20,bet,0.06539746,0.02396509,-0.0072937,0.09534774,0.01343987,-0.0092649,0.14941534,0.00875607,-0.0010691
Aurora,1,21,bot,0.06128153,0.0164612,-0.0047607,0.0753479,0.00386986,-0.0049438,0.19247451,-0.0018078,-0.0035756
Aurora,1,22,Bart,0.06408374,0.01428258,-0.000946,0.09658969,0.00497512,-0.0025024,0.14506276,0.00094804,-0.0003052
Aurora,1,23,bat,0.03154649,0.01937106,0.00173724,0.04934692,0.01131819,0.0150468,0.09517184,0.00678354,0.03896018
Aurora,1,24,bean,0.0576018,0.01582326,-0.0032502,0.03605053,0.00901583,0.07345355,0.06414795,0.00554967,0.07821655
Aurora,1,25,bone,0.05439732,0.00510756,0.01550481,0.05844116,-0.0022361,0.0145874,0.10699905,-0.0014658,0.01450109
Aurora,1,26,bit,0.07052612,0.07419144,-0.0019836,0.08688129,0.05430624,-0.0024719,0.11428618,0.04069615,-0.0010376
Aurora,1,27,ban,0.04579491,0.03863155,0.01735252,0.0674579,0.02601059,0.03846862,0.07484925,0.02073649,0.02738269
Aurora,1,28,boat,0.07874223,0.04018176,0.00021362,0.08943232,0.03053923,-6.10E-05,0.09772443,0.0257541,0.00048828
Aurora,1,29,bomb,0.06143172,0.03027395,-0.0047913,0.04006948,0.02105642,0.02801514,0.06137596,0.01804334,0.0284712
Aurora,1,30,bind,0.02554528,0.03457299,0.02905102,0.05752659,0.02795993,0.01959487,0.06430192,0.02734742,0.00704956
Aurora,1,31,bane,0.06280639,0.04202378,-0.0057678,0.03422321,0.03474065,0.0161417,0.06843212,0.03134211,0.01895142
Aurora,2,1,boit,0.07506766,-0.054582,0.00045776,0.11056861,-0.0578559,0.00125257,0.10263063,-0.0597229,0.00112915
Aurora,2,2,bane,0.0643255,-0.0585535,0.04565368,0.03866432,-0.0596046,0.05847355,0.03323658,-0.0599108,0.04015956
Aurora,2,3,bean,0.00853549,-0.0506866,0.09402328,0.02569787,-0.0518614,0.11331031,0.0357411,-0.0520396,0.07171631
Aurora,2,4,boot,0.1054688,-0.0532837,-0.0003967,0.09091394,-0.0553593,-0.0006409,0.11215035,-0.0574951,-0.0002136
Aurora,2,5,boon,0.058933,-0.0644264,0.02865196,0.0402851,-0.0670339,0.06123364,0.06182729,-0.0681424,0.07422007
Aurora,2,6,bin,0.0826254,-0.0579984,0.01530551,0.0774231,-0.0610324,0.04281616,0.07724431,-0.0618278,0.06323036
Aurora,2,7,barn,0.03704651,-0.0627129,0.06359858,0.04672364,-0.0644604,0.04338623,0.06481286,-0.0644297,0.01660011
Aurora,2,8,bind,0.02786258,-0.056304,0.0563361,0.05264282,-0.0576305,0.02694834,0.05687979,-0.0586853,0.02492842
Aurora,2,9,bit,0.08859331,-0.0575292,-0.0032959,0.10447585,-0.058688,-0.0043341,0.16168276,-0.0600864,-0.0015545
Aurora,2,10,bort,0.0466054,-0.0611756,0.00057983,0.10822746,-0.0624127,0.00094604,0.13571022,-0.0636311,0.00567627
Aurora,2,11,bot,0.03100579,-0.1510139,0.00216675,0.05120633,-0.1502162,0.0017395,0.15228025,-0.1489555,0.00537109
Aurora,2,12,bat,0.03963048,-0.10305,-0.0112322,0.03913343,-0.1050011,0.0140673,0.03845489,-0.1062297,0.02633796
Aurora,2,13,Bart,0.04090587,-0.0902071,0.0007019,0.06322101,-0.0922631,-0.0012512,0.10458374,-0.0935066,0.00243726
Aurora,2,14,Ben,0.05032484,-0.0858127,0.01821985,0.05124481,-0.0873397,0.02792358,0.08660353,-0.0884651,0.04010079
Aurora,2,15,bet,0.04003297,-0.0796991,0.00100708,0.07868951,-0.0811565,-0.0068485,0.08981323,-0.0828263,-0.0103149
Aurora,2,16,boat,0.07407668,-0.0692443,-0.0010376,0.09570766,-0.072236,-0.0015869,0.07499597,-0.0722209,0.00140381
Aurora,2,17,Bert,0.05325344,-0.0667156,0.00052083,0.05511332,-0.0687547,-0.0005493,0.10546875,-0.0699984,3.05E-05
Aurora,2,18,born,0.02688599,-0.0622251,0.04351827,0.07476807,-0.0651588,0.04297022,0.0896548,-0.0663205,0.04321289
Aurora,2,19,bomb,0.07680789,-0.1397412,0.02920739,0.05581325,-0.136901,0.03103816,0.04772899,-0.1337636,0.04403849
Aurora,2,20,bite,0.06228682,-0.1068221,-0.0015389,0.0782238,-0.1084729,-0.0062256,0.08712787,-0.1087648,-0.0018921
Aurora,2,21,bout,0.06521476,-0.0740042,-0.0056444,0.08729829,-0.0788228,0.0113842,0.11000929,-0.0815053,0.0596883
Aurora,2,22,bait,0.05044095,-0.1176167,0.00094905,0.05755615,-0.1169568,0.00088501,0.08681825,-0.1158655,0.00189209
Aurora,2,23,beat,0.04791404,-0.080879,0.00289917,0.0536644,-0.0831604,0.00097656,0.05225156,-0.0842257,-0.0003052
Aurora,2,24,but,0.05692632,-0.0636721,0.00156743,0.06773743,-0.0668937,-0.0007019,0.14017239,-0.0689164,-0.0017395
Aurora,2,25,boing,0.02457523,-0.2883623,0.05413182,0.06325673,-0.2762708,0.01922607,0.04830933,-0.2672364,0.03238022
Aurora,2,26,bought,0.04153234,-0.1645566,0.00164795,0.05014039,-0.1654968,0.01968384,0.13090947,-0.1665552,0.05836996
Aurora,2,27,ban,0.05887421,-0.1528608,0.05270927,0.06189123,-0.1544554,0.06302012,0.06538349,-0.1553086,0.03872681
Aurora,2,28,bone,0.05056569,-0.1418068,0.01575113,0.04660034,-0.1431687,0.037434,0.06924481,-0.1443172,0.06543047
Aurora,2,29,birm,0.03765994,-0.1347807,0.01775998,0.02663072,-0.1367349,0.02493286,0.0216658,-0.1372686,0.01464844
Aurora,2,30,bun,0.07629467,-0.1262525,0.01155993,0.1088337,-0.1276965,0.0388635,0.08051757,-0.1280904,0.03988111
Aurora,2,31,bound,0.04439495,-0.17453,0.03385965,0.05402425,-0.1716107,0.07079953,0.05523682,-0.1689488,0.04015087
Aurora,3,1,Bart,0.05153287,0.00838805,0.00372314,0.05239884,0.0058395,-0.007949,0.08717124,0.00407208,-0.0039663
Aurora,3,2,bane,0.05934719,0.00763996,0.04997949,0.0592041,0.00212529,0.06582642,0.03724812,0.00276354,0.0372176
Aurora,3,3,bought,0.02168225,0.0083581,0.097855,0.03295797,0.00607154,0.07295795,0.05612733,0.00451608,0.03424072
Aurora,3,4,but,0.0419303,0.00864165,-0.0057974,0.05236869,0.00678961,0.00727789,0.06716701,0.00546227,0.02114875
Aurora,3,5,birm,0.03840795,0.00278968,0.06339869,0.02426148,0.00079426,0.07763634,0.02380371,0.00030128,0.06379668
Aurora,3,6,Bert,0.027771,0.01429069,0.01165771,0.02838135,0.01111391,0.00753748,0.03439331,0.00955377,0.00866699
Aurora,3,7,bite,0.04324299,-0.156408,0.00412132,0.05948096,-0.1558336,0.01620263,0.03952098,-0.1533203,0.01565479
Aurora,3,8,ban,0.01934814,-0.0942013,0.0590383,0.02612305,-0.0973529,0.07840093,0.03957021,-0.0994776,0.03927612
Aurora,3,9,bean,0.01919556,-0.0808716,0.15861939,0.02018709,-0.0847909,0.15651151,0.02258301,-0.0858627,0.13763428
Aurora,3,10,bet,0.02670514,-0.074657,-0.0002736,0.03188861,-0.0790862,0.01692961,0.04135134,-0.0814515,0.0284424
Aurora,3,11,boat,0.0508196,-0.0767318,0.01034546,0.04574375,-0.0818894,0.00699428,0.08166739,-0.0832881,0.0062561
Aurora,3,12,bot,0.03436301,-0.070648,0.01968384,0.05621208,-0.074769,0.00784513,0.08071058,-0.076479,-0.0047913
Aurora,3,13,boing,0.02371216,-0.0664368,0.09083766,0.04412985,-0.0699504,0.04463048,0.04128998,-0.0722361,0.03277489
Aurora,3,14,bort,0.03732485,-0.0667784,0.01025391,0.06782355,-0.0691501,0.00619507,0.11388255,-0.0703961,0.00369263
Aurora,3,15,bound,0.03235055,-0.0643503,0.05118832,0.05761719,-0.0686044,0.09015009,0.05764808,-0.070281,0.10021972
Aurora,3,16,bun,0.03286806,-0.0723647,0.05786513,0.04992676,-0.0753852,0.06891352,0.06737541,-0.0769129,0.05117243
Aurora,3,17,bout,0.04181134,-0.412371,-0.0074269,0.0579631,-0.3995182,0.06584566,0.06289737,-0.3872696,0.05666522
Aurora,3,18,bait,0.03573701,-0.2013779,0.00930786,0.04333501,-0.2025795,0.00839233,0.05426025,-0.2011607,0.00763026
Aurora,3,19,bind,0.02231808,-0.1658847,0.11587422,0.050353,-0.1673636,0.05669075,0.03823853,-0.1671745,0.03790194
Aurora,3,20,bin,0.04678715,-0.1525493,0.03032758,0.05065893,-0.1544495,0.05493139,0.04104614,-0.1550308,0.04788337
Aurora,3,21,bone,0.04852295,-0.1505104,0.0738596,0.03884664,-0.1517763,0.07284414,0.06018924,-0.1518603,0.07087039
Aurora,3,22,born,0.02361504,-0.1435894,0.08565087,0.06048615,-0.1456604,0.07653761,0.07928467,-0.1455085,0.0556953
Aurora,3,23,bart,0.0289917,-0.1390691,0.10351486,0.04351794,-0.1411466,0.07058822,0.06048138,-0.1411454,0.04050129
Aurora,3,24,boon,0.03799332,-0.1298448,0.09135866,0.02679443,-0.1322289,0.12857056,0.03930574,-0.1323829,0.11968763
Aurora,3,25,bomb,0.02780151,-0.1288038,0.07756264,0.03534086,-0.1299714,0.07824857,0.03890766,-0.1308122,0.06208003
Aurora,3,26,bit,0.05473371,-0.1210568,0.01025577,0.06158447,-0.1237788,0.01004028,0.05416015,-0.1242172,0.00878906
Aurora,3,27,boit,0.03491211,-0.1188311,0.00576782,0.0531318,-0.1213031,0.00735692,0.0526022,-0.1214462,0.01318359
Aurora,3,28,Ben,0.03650009,-0.1170948,0.01733653,0.04824765,-0.1192803,0.04196167,0.08978353,-0.11839,0.06997763
Aurora,3,29,boot,0.03428033,-0.1152185,0.00604176,0.04972965,-0.1168672,0.00592246,0.09426738,-0.1175839,0.00256348
Aurora,3,30,bat,0.03082325,-0.1137984,-0.0172137,0.03518615,-0.1144713,0.04199159,0.05261025,-0.1154172,0.06243838
Aurora,3,31,beat,0.02404717,-0.1082458,0.01196289,0.04504395,-0.1102242,0.01651001,0.04232988,-0.1102582,0.0163269
Aurora,4,1,bun,0.06021237,-0.0538492,0.05482956,0.08568303,-0.0563226,0.07235128,0.08156667,-0.055817,0.0631937
Aurora,4,2,boing,0.02374616,-0.1287138,0.19909183,0.08534464,-0.1253043,0.07108709,0.06335449,-0.1218258,0.05761575
Aurora,4,3,boat,0.06940846,-0.0749543,-0.0030518,0.10009359,-0.0774256,-0.0031128,0.14464087,-0.0777204,-0.000885
Aurora,4,4,bat,0.02618595,-0.064412,-0.0088543,0.04565516,-0.067512,0.02404865,0.06338501,-0.0687678,0.05187886
Aurora,4,5,bind,0.03224944,-0.0586874,0.09114622,0.0685417,-0.0611885,0.06073132,0.06201661,-0.0608884,0.02243042
Aurora,4,6,Bert,0.0823246,-0.0613382,0.00601196,0.08035376,-0.0628395,0.00592138,0.10089176,-0.0637082,0.00616455
Aurora,4,7,boon,0.05364847,-0.0642514,0.05743408,0.05028743,-0.0656128,0.06304932,0.05853418,-0.0656979,0.05871435
Aurora,4,8,Bart,0.06055792,-0.0569169,0.00604248,0.08025891,-0.0585296,0.00329443,0.11614871,-0.059014,0.00558472
Aurora,4,9,but,0.03906025,-0.0500826,-0.004426,0.06030689,-0.0515094,-0.0021362,0.09787336,-0.0523813,-0.0018026
Aurora,4,10,Ben,0.03772119,-0.0462472,0.01440576,0.07531748,-0.0481058,0.05157481,0.09575867,-0.0479141,0.06868958
Aurora,4,11,beat,0.05369801,-0.0491318,0.00820923,0.09063972,-0.0512989,0.00732422,0.13406198,-0.0513372,0.00775146
Aurora,4,12,barn,0.04467213,-0.0459233,0.05435323,0.05781325,-0.047571,0.059633,0.0904048,-0.0484876,0.04836905
Aurora,4,13,bout,0.0509349,-0.0437303,-0.0073849,0.10557811,-0.0447417,0.05613134,0.11251611,-0.0456308,0.06648636
Aurora,4,14,bound,0.05447388,-0.0393949,0.05727462,0.08346355,-0.0408479,0.09585571,0.087796,-0.0413572,0.09571574
Aurora,4,15,bean,0.04449324,-0.0350394,0.0639507,0.03993836,-0.0363293,0.11294556,0.05737305,-0.0365301,0.1119069
Aurora,4,16,bait,0.11403215,-0.0356609,0.00189379,0.11285394,-0.0367462,0.01696864,0.07693362,-0.0365469,0.01807501
Aurora,4,17,boit,0.07279373,-0.0318948,0.00503319,0.08911133,-0.0336601,0.00668193,0.10204888,-0.0333178,0.00912476
Aurora,4,18,bane,0.0402799,-0.0303107,0.0229154,0.05218192,-0.0314737,0.05182048,0.06059065,-0.031269,0.06674194
Aurora,4,19,bite,0.05342201,-0.0264526,0.00530862,0.08013916,-0.0274376,0.00817871,0.08627339,-0.0281964,0.01177979
Aurora,4,20,birm,0.0626127,-0.0277171,0.04304015,0.04312336,-0.0283906,0.04517112,0.03616473,-0.0289163,0.03744507
Aurora,4,21,boot,0.08874288,-0.0266743,0.00750956,0.10688406,-0.0275242,0.00839233,0.13564617,-0.0280788,0.00695801
Aurora,4,22,bort,0.07270164,-0.0202999,0.00604248,0.13949583,-0.0216981,0.00775145,0.14880763,-0.0222133,0.01412964
Aurora,4,23,bought,0.05108539,-0.0185552,0.00720391,0.0598028,-0.0195965,0.00238037,0.14425455,-0.0205151,0.0017395
Aurora,4,24,bet,0.07010876,-0.0166172,0.00027466,0.10415451,-0.017427,-0.0009155,0.13498702,-0.0184406,-0.0001831
Aurora,4,25,bit,0.07897803,-0.0118108,0.00516215,0.08441162,-0.0128129,0.00506592,0.07293631,-0.0135193,0.00506555
Aurora,4,26,bomb,0.05489087,-0.0234057,0.11173605,0.06338501,-0.0265172,0.09477104,0.08529528,-0.0277994,0.08553942
Aurora,4,27,ban,0.06417847,-0.031236,0.05463325,0.06747372,-0.0334167,0.07504272,0.08336619,-0.0342958,0.06665822
Aurora,4,28,bone,0.06833815,-0.0877493,0.05709008,0.06018199,-0.0857174,0.07220618,0.07490741,-0.0833335,0.07702572
Aurora,4,29,bot,0.04025229,-0.0458091,0.00726358,0.0649069,-0.0485905,0.00439453,0.12525257,-0.048902,-0.0021057
Aurora,4,30,born,0.04675309,-0.0326541,0.06674162,0.10203352,-0.0351627,0.06415003,0.12191187,-0.0364409,0.07421857
Aurora,4,31,bin,0.07351685,-0.0349495,0.04581604,0.0645156,-0.0371673,0.05490709,0.06831217,-0.0377778,0.05637831
Aurora,5,1,beat,0.0298178,-0.0133369,0.009552,0.05670789,-0.0166626,0.00321142,0.05237239,-0.0183574,0.00524902
Aurora,5,2,bin,0.03182983,-0.0131595,0.02279854,0.03463745,-0.0168408,0.03796387,0.04174805,-0.0186654,0.04060231
Aurora,5,3,birm,0.04607789,-0.0116632,0.04180502,0.03100586,-0.0151012,0.04330444,0.02420232,-0.0171954,0.03384399
Aurora,5,4,bet,0.028746,-0.0055969,-0.0116583,0.04021865,-0.009767,-0.0188616,0.07328203,-0.0117981,0.02513038
Aurora,5,5,boing,0.01620548,-0.0199031,0.10829101,0.03880357,-0.0214727,0.07898202,0.03820831,-0.0225234,0.04431483
Aurora,5,6,Bert,0.03664937,-0.2482761,0.01205444,0.03070071,-0.2416414,0.00863647,0.03247523,-0.2342854,0.00585938
Aurora,5,7,bat,0.02032471,-0.1051659,0.02315865,0.02062988,-0.1081618,0.05539773,0.02632408,-0.1089316,0.05737152
Aurora,5,8,Bart,0.0247811,-0.0870687,0.01156616,0.03371891,-0.0898706,0.00014958,0.05558037,-0.0908687,-0.0010667
Aurora,5,9,Ben,0.02139354,-0.0769037,0.01538089,0.02743651,-0.0794965,0.0306739,0.04090057,-0.0806655,0.03720009
Aurora,5,10,bomb,0.02297974,-0.0752449,0.06567528,0.02000674,-0.0777134,0.06484773,0.03066798,-0.078709,0.05322484
Aurora,5,11,born,0.02130127,-0.1831838,0.1025857,0.04519603,-0.178346,0.06451551,0.05117944,-0.1738715,0.04749189
Aurora,5,12,bot,0.01843203,-0.1043396,0.08459535,0.02969517,-0.1056797,0.06038719,0.03182983,-0.1078269,0.02828979
Aurora,5,13,bind,0.01907719,-0.099518,0.03423401,0.01840212,-0.1008321,0.12963922,0.02624512,-0.101837,0.11511492
Aurora,5,14,bean,0.03189087,-0.1001169,0.02450672,0.01525879,-0.0982575,0.60130129,0.02802182,-0.1003805,0.00262451
Aurora,5,15,boon,0.02850586,-0.0981805,0.02703125,0.02636719,-0.0999771,0.08145142,0.04556274,-0.100893,0.08432197
Aurora,5,16,but,0.02937622,-0.0927577,0.00295865,0.04367046,-0.0943609,-0.0041199,0.06884842,-0.095867,-0.0016494
Aurora,5,17,barn,0.03964325,-0.0865524,0.12237634,0.05413926,-0.0880552,0.07725046,0.04434806,-0.0893054,0.05032418
Aurora,5,18,bort,0.03954205,-0.1990216,0.00464607,0.07465758,-0.1937064,0.00088501,0.10415649,-0.1883524,0.00109863
Aurora,5,19,bit,0.06842165,-0.0897773,0.00408936,0.0725708,-0.0924683,0.00354004,0.08233536,-0.0944565,0.00482178
Aurora,5,20,bait,0.02642965,-0.459619,0.00781465,0.04943168,-0.4340303,0.00894188,0.06506348,-0.4131155,0.00978145
Aurora,5,21,bite,0.0372776,-0.1244548,0.00204468,0.06714654,-0.1282755,-0.0011812,0.06160827,-0.131293,0.01080265
Aurora,5,22,bout,0.02585931,-0.4590415,-0.0005183,0.06168881,-0.4312964,0.00665885,0.10060774,-0.4098481,0.01467896
Aurora,5,23,ban,0.0406189,-0.1929626,0.05106124,0.0508346,-0.1937548,0.07175488,0.07026442,-0.1935303,0.05502254
Aurora,5,24,bought,0.04075648,-0.1649357,0.01031386,0.03067763,-0.1665552,0.01370134,0.07212219,-0.1671742,0.02697726
Aurora,5,25,boit,0.03992693,-0.1558229,0.0054211,0.07568367,-0.1569184,0.00555287,0.06286598,-0.1579341,0.01385699
Aurora,5,26,bone,0.0483694,-0.4989049,0.03622653,0.04699622,-0.4850353,0.05682373,0.05174891,-0.4645133,0.0476357
Aurora,5,27,bun,0.03964175,-0.1914468,0.03296782,0.04736866,-0.1923983,0.03292906,0.06305138,-0.1939312,0.05194575
Aurora,5,28,boat,0.05193082,-0.1585387,0.00347811,0.06986302,-0.1611523,0.00411987,0.13479614,-0.1643259,0.00869751
Aurora,5,29,bane,0.02914455,-0.1503321,0.02902089,0.03274536,-0.1526139,0.06672112,0.05428931,-0.1528984,0.08524774
Aurora,5,30,bound,0.04415894,-0.1438838,0.02746372,0.07226851,-0.1455665,0.07257055,0.06182861,-0.1471156,0.05418736
Aurora,5,31,boot,0.05172846,-0.1387285,0.01068998,0.06316915,-0.1410285,0.00982666,0.09675209,-0.1423369,0.01208496
Stacey,1,1,boot,0.20593,0.007693,0.107452,0.15691,0.005025,0.098456,0.142347,0.004005,0.08889
Stacey,1,2,birm,0.15863,0.00588,0.118813,0.107796,0.003573,0.130503,0.097265,0.002712,0.11115
Stacey,1,3,bait,0.164446,0.006243,0.092589,0.079643,0.00226,0.08029,0.111906,0.003206,0.111542
Stacey,1,4,bite,0.089465,0.003083,0.072595,0.112002,0.003631,0.109713,0.101044,0.002473,0.106934
Stacey,1,5,beat,0.052518,0.012623,0.065521,0.053253,0.005232,0.060181,0.092195,0.002985,0.080321
Stacey,1,6,bought,0.03516,0.002351,0.050294,0.113452,0.003045,0.07827,0.192515,0.005521,0.106494
Stacey,1,7,Bert,0.072388,0.004382,0.085297,0.078828,0.002961,0.088287,0.058654,0.001923,0.072785
Stacey,1,8,bout,0.057643,0.001773,0.06383,0.139192,0.004242,0.125092,0.05915,0.00246,0.076853
Stacey,1,9,bin,0.044805,0.009307,0.047244,0.05989,0.002279,0.079545,0.091582,0.002559,0.109009
Stacey,1,10,bound,0.036171,0.002241,0.049547,0.101501,0.002808,0.1203,0.095765,0.003541,0.117462
Stacey,1,11,boon,0.083097,0.004907,0.061037,0.096192,0.005189,0.087249,0.082948,0.008183,0.106812
Stacey,1,12,boing,0.039394,0.000249,0.051693,0.066199,-0.00165,0.069398,0.101917,0.002306,0.146075
Stacey,1,13,but,0.079351,0.007075,0.083683,0.121806,0.004644,0.096623,0.105487,0.003574,0.09585
Stacey,1,14,born,0.06842,0.003616,0.086835,0.105438,0.002241,0.123871,0.085296,0.003204,0.102081
Stacey,1,15,bort,0.069723,0.005682,0.067252,0.139795,0.003722,0.105161,0.173262,0.006407,0.124314
Stacey,1,16,bun,0.025992,-0.00644,0.04821,0.070974,-0.00652,0.083192,0.136353,-0.00473,0.128723
Stacey,1,17,boit,0.090984,-0.0057,0.065154,0.074706,-0.00839,0.073212,0.074339,-0.00777,0.066529
Stacey,1,18,Ben,0.04554,-0.00512,0.019824,0.106249,-0.00564,0.109788,0.126535,-0.00731,0.123658
Stacey,1,19,barn,0.159881,-0.02101,0.055004,0.13307,-0.02136,0.143102,0.077271,0.012416,0.092346
Stacey,1,20,bet,0.02859,-0.01019,0.037779,0.068167,-0.01132,0.049124,0.101027,-0.01174,0.073408
Stacey,1,21,bot,0.046655,0.011419,0.054745,0.090822,0.005861,0.064634,0.155985,0.004868,0.074313
Stacey,1,22,Bart,0.078123,0.011628,0.071014,0.105754,0.014103,0.076207,0.081298,0.017964,0.074006
Stacey,1,23,bat,-0.00913,0.009877,0.005326,0.125593,0.009297,0.074363,0.192291,0.010621,0.124909
Stacey,1,24,bean,0.023856,0.015114,0.026904,0.050336,0.013297,0.097528,0.096862,0.01239,0.128814
Stacey,1,25,bone,0.06593,0.002711,0.065818,0.073853,0.001709,0.096344,0.087376,0.007725,0.108339
Stacey,1,26,bit,0.045962,0.018614,0.054382,0.117259,0.013739,0.090305,0.135234,0.01382,0.096259
Stacey,1,27,ban,0.053911,0.019852,0.044791,0.084226,0.018675,0.108061,0.113395,0.012382,0.125574
Stacey,1,28,boat,0.062684,0.021493,0.067162,0.063629,0.022357,0.069214,0.068603,0.025267,0.077819
Stacey,1,29,bomb,0.032605,0.01765,0.046042,0.034691,0.016113,0.075674,0.059724,0.015198,0.088837
Stacey,1,30,bind,0.035492,0.019093,0.046418,0.089598,0.018377,0.101927,0.08374,0.018983,0.092283
Stacey,1,31,bane,-0.02741,0.022166,-0.01018,0.040006,0.022607,0.058377,0.104104,0.022814,0.12015
Anna,1,1,boot,0.028084,0.015992,0.01712,-0.01813,-0.0152,-0.01398,0.004173,-0.0004,-0.00027
Anna,1,2,birm,0.038576,0.034049,0.024063,-0.01965,-0.01675,-0.00888,0.003471,-0.0002,-0.00043
Anna,1,3,bait,0.063161,0.099092,0.045874,-0.01907,-0.01459,-0.01443,0.005713,0.00164,0.000892
Anna,1,4,bite,0.079947,0.082306,0.089537,-0.01609,-0.01471,-0.01419,0.010446,0.001528,0.00153
Anna,1,5,beat,0.066774,0.084106,0.05664,-0.01862,-0.01523,-0.01422,0.001701,0.001221,0.000977
Anna,1,6,bought,0.039673,0.043154,0.012574,-0.01575,-0.01395,-0.01575,0.002592,0.000441,0.000429
Anna,1,7,Bert,0.074427,0.138092,0.023216,-0.01728,-0.0141,-0.01337,0.00256,0.00232,0.000613
Anna,1,8,bout,0.058289,0.033812,0.029816,-0.0126,0.002409,0.004972,0.001312,0.000122,0.000461
Anna,1,9,bin,0.056366,0.041106,0.035675,-0.00972,0.004027,0.004519,0.002037,0.000168,0.000707
Anna,1,10,bound,0.013428,-0.00755,-0.01361,-0.01688,0.000474,0.019989,0.00232,0.00195,0.001525
Anna,1,11,boon,0.024728,0.074763,0.09434,-0.01334,-0.0148,-0.01077,0.001619,0.00186,0.001638
Anna,1,12,boing,0.117571,0.095992,0.038894,-0.0163,-0.01697,-0.01346,0.009848,0.001984,0.000644
Anna,1,13,but,0.040956,0.068054,0.050043,-0.01743,-0.01483,-0.0094,0.004805,0.003063,0.000835
Anna,1,14,born,0.053739,0.076445,0.068144,-0.01483,-0.01565,-0.0145,0.006545,0.001463,0.000715
Anna,1,15,bort,0.054749,0.094121,0.091566,-0.02057,-0.01606,-0.00861,0.006313,0.002001,0.002001
Anna,1,16,bun,0.038546,0.052887,0.055971,-0.01407,-0.01593,-0.01709,0.010444,0.001019,0.000764
Anna,1,17,boit,0.054656,0.078212,0.096688,-0.01495,-0.01599,-0.00314,0.003911,0.001309,0.00105
Anna,1,18,Ben,0.084045,0.084962,0.05901,-0.02179,-0.00983,-0.01477,0.002194,0.00196,0.000985
Anna,1,19,barn,0.056462,0.090243,0.078277,-0.01422,-0.0145,-0.01343,0.006279,0.001758,0.001377
Anna,1,20,bet,0.035536,0.078193,0.085662,-0.01599,-0.0145,-0.0148,0.002106,0.001053,0.0022
Anna,1,21,bot,0.044952,0.094574,0.069397,-0.01578,-0.01874,-0.01474,0.0018,0.001617,0.001525
Anna,1,22,Bart,0.059655,0.140627,0.128285,-0.01712,-0.01419,-0.01489,0.001746,0.002084,0.002521
Anna,1,23,bat,0.085554,0.039825,-0.02628,-0.0159,0.015101,0.054871,0.002643,0.000338,-0.0011
Anna,1,24,bean,0.053588,0.052604,0.061797,-0.01526,-0.01483,-0.01303,0.003208,0.000487,0.000791
Anna,1,25,bone,0.140684,0.107593,0.052462,-0.01736,-0.01505,-0.01385,0.019347,0.002371,0.001097
Anna,1,26,bit,0.109371,0.044495,0.043367,-0.01676,-0.01617,-0.00956,0.028225,0.001312,0.000736
Anna,1,27,ban,0.056244,0.08142,0.102051,-0.01831,-0.01389,-0.01443,0.009847,0.001281,0.002288
Anna,1,28,boat,0.163958,0.072603,0.061446,-0.01544,-0.02072,-0.01196,0.046793,0.005721,0.001348
Anna,1,29,bomb,0.070059,0.060547,0.040315,-0.01134,-0.00287,-0.00366,0.003085,0.00025,0.00091
Anna,1,30,bind,0.089326,0.108062,0.079559,-0.01648,-0.00735,-0.01199,0.004217,0.001346,0.001523
Anna,1,31,bane,,,,,,,,,
Anna,2,1,boit,0.036922,0.05603,0.020495,-0.00635,-0.00513,-0.00668,0.006144,0.001149,0.001156
Anna,2,2,ban,0.061285,0.035402,0.058196,-0.00336,-0.00061,0.002441,0.004924,0.001005,0.00195
Anna,2,3,bee,0.012512,0.019745,0.038422,0.006866,0.024292,0.015167,0.001001,0.001037,0.001387
Anna,2,4,boot,0.066727,0.042999,0.032497,-0.00702,-0.00562,-0.00522,0.006867,0.003177,0.002469
Anna,2,5,boon,0.020269,0.026245,0.02066,-0.00467,0.001038,0.00473,0.001041,0.000635,0.000921
Anna,2,6,bin,0.038452,0.026398,-0.00686,-0.00363,0.002503,-0.00522,0.001271,0.001585,0.000911
Anna,2,7,barn,0.041167,0.07203,0.092306,-0.00745,-0.00385,-0.00482,0.003513,0.001838,0.001462
Anna,2,8,bind,0.019012,0.031137,0.055572,0.000334,0.004028,0.005249,0.001523,0.001229,0.00122
Anna,2,9,bit,0.063385,0.056589,0.021912,-0.00677,-0.0065,-0.00586,0.006476,0.00172,0.000911
Anna,2,10,bort,0.00949,0.053619,0.053557,-0.00306,-0.00363,-0.00464,0.003359,0.001224,0.001827
Anna,2,11,bot,0.026308,0.077362,0.08495,-0.00793,-0.00626,-0.00531,0.003702,0.00174,0.002491
Anna,2,12,bat,0.057401,0.095595,0.091044,-0.00568,-0.00378,-0.00482,0.003024,0.001724,0.002056
Anna,2,13,Bart,0.078248,0.109922,0.073121,-0.00693,-0.00458,-0.00598,0.003224,0.003077,0.002039
Anna,2,14,Ben,0.035082,0.016566,0.022496,-0.01111,-0.00568,-0.00317,0.012765,0.000364,0.000498
Anna,2,15,bet,0.073067,0.094482,0.063055,-0.00751,-0.00568,-0.00574,0.006032,0.003383,0.001735
Anna,2,16,boat,0.017424,0.047058,0.035796,-0.00998,-0.00482,-0.00443,0.008054,0.001173,0.001615
Anna,2,17,Burt,0.058166,0.060365,0.024194,-0.00528,-0.00601,-0.00577,0.004287,0.002313,0.001282
Anna,2,18,born,0.060606,0.055909,0.052217,-0.00784,0.000244,-0.00012,0.007373,0.001709,0.001828
Anna,2,19,bomb,0.052063,0.02133,0.045845,-0.00955,-2.25E-06,-0.00098,0.006896,0.000954,0.00134
Anna,2,20,bite,0.086977,0.084624,0.057523,-0.00641,-0.0051,-0.00497,0.003671,0.002414,0.001891
Anna,2,21,bout,0.057364,0.099547,0.031569,-0.00735,-0.00507,-0.0054,0.002341,0.002936,0.001442
Anna,2,22,bait,0.074005,0.071077,0.058075,-0.01071,-0.00565,-0.00476,0.004154,0.001936,0.001981
Anna,2,23,beet,0.0292,0.042511,0.052467,-0.0087,-0.0054,-0.00638,0.016235,0.001834,0.001222
Anna,2,24,but,0.037073,0.052602,0.01356,-0.00809,-0.00662,-0.00443,0.022095,0.001831,0.000769
Anna,2,25,boing,0.035874,0.038606,0.054083,-0.00796,-0.00616,0.000214,0.005893,0.001313,0.00184
Anna,2,26,bot,0.023651,0.034271,0.039687,-0.00763,-0.0054,-0.00458,0.008384,0.000755,0.001261
Anna,2,27,ban,0.073853,0.04474,0.017969,-0.00754,-0.00085,0.000761,0.002357,0.001082,0.000671
Anna,2,28,bone,0.026062,0.056671,0.016017,-0.00171,0.008728,0.007935,0.001693,0.001769,0.00202
Anna,2,29,berm,0.093231,0.085819,-0.03353,-0.00839,-0.00424,0.025938,0.002487,0.002326,0.007063
Anna,2,30,bun,0.068443,0.020837,0.024589,-0.00729,0.000519,0.006803,0.003755,0.001477,0.001249
Anna,2,31,bound,0.039064,0.058929,0.026306,-0.00082,0.004547,0.004303,0.003612,0.001625,0.00108
Anna,3,1,Bart,0.058335,0.066909,0.0578,-0.00955,-0.00522,-0.00197,0.006704,0.001929,0.0017
Anna,3,2,bane,0.060759,0.051178,0.052154,-0.00984,-0.00616,0.008087,0.012244,0.001497,0.001488
Anna,3,3,bot,0.051159,0.092255,0.070309,-0.00711,-0.00403,-0.00485,0.002661,0.002452,0.002223
Anna,3,4,but,0.066345,0.102396,0.073586,-0.00882,-0.00345,-0.00671,0.026152,0.00323,0.002703
Anna,3,5,berm,0.016449,0.03584,0.045349,-0.00677,-0.00766,-0.00372,0.003363,0.001441,0.001167
Anna,3,6,burt,0.057831,0.073485,0.047064,-0.00848,-0.00424,-0.00534,0.005428,0.002395,0.002218
Anna,3,7,bite,0.121822,0.170974,0.197296,-0.01132,-0.00592,-0.00317,0.007395,0.004028,0.004958
Anna,3,8,ban,0.07861,0.054829,0.053315,-0.00995,0.000122,0.002625,0.004974,0.001611,0.001744
Anna,3,9,bean,0.05989,0.033347,0.032412,-0.00925,0.014558,0.025818,0.006035,0.001642,0.000764
Anna,3,10,bet,0.091543,0.149613,0.14403,-0.01556,-0.0055,-0.00439,0.005643,0.003695,0.003864
Anna,3,11,boat,0.049037,0.046727,0.066742,-0.00949,-0.00808,-0.00181,0.00843,0.002263,0.002008
Anna,3,12,bot,0.024427,0.048705,0.067032,-0.00795,-0.01212,6.10E-05,0.019605,0.002258,0.001804
Anna,3,13,boing,0.020417,0.052026,0.101398,0.000824,-0.00173,0.007172,0.001712,0.001577,0.002513
Anna,3,14,bort,0.087886,0.121977,0.163417,-0.008,-0.0011,-0.00665,0.005834,0.004337,0.004391
Anna,3,15,bound,0.04548,0.034912,0.052521,-0.01095,0.001099,0.004547,0.003052,0.002254,0.001618
Anna,3,16,bun,0.063145,0.07711,0.051594,-0.00543,0.001157,0.002441,0.007202,0.002441,0.001575
Anna,3,17,bout,0.092026,0.114521,0.087013,-0.00867,-0.00198,-0.00488,0.00252,0.002643,0.002674
Anna,3,18,bait,0.126876,0.148102,0.121675,-0.00742,-0.0022,-0.00496,0.006513,0.003662,0.003311
Anna,3,19,bind,0.023621,0.045012,0.054705,-0.00076,-0.00061,0.006287,0.001797,0.001043,0.001377
Anna,3,20,boot,0.08493,0.043154,0.050313,-0.01086,-0.00107,0.007111,0.006298,0.001582,0.001516
Anna,3,21,boat,0.052643,0.066433,0.066185,-0.00925,-0.00702,-0.00525,0.009904,0.002109,0.002075
Anna,3,22,born,0.060944,0.099801,0.107423,-0.00601,0.001282,0.000183,0.009335,0.002716,0.002489
Anna,3,23,barn,0.077583,0.095205,0.104643,-0.00851,0.001519,0.001161,0.003488,0.002257,0.003331
Anna,3,24,boon,0.02616,0.052334,0.046844,-0.00653,-0.00858,0.002289,0.00557,0.00272,0.002564
Anna,3,25,bomb,0.065561,0.062645,0.06552,-0.00861,-0.00388,-0.00226,0.007118,0.001752,0.00183
Anna,3,26,bit,0.131926,0.110403,0.082037,-0.00928,-0.00665,-0.00318,0.006107,0.003418,0.002969
Anna,3,27,boit,0.136074,0.152191,0.089554,-0.01138,-0.00439,-0.00367,0.003811,0.004619,0.002929
Anna,3,28,Ben,0.094958,0.065856,0.061249,-0.01111,-0.00562,-0.00085,0.003933,0.002191,0.00185
Anna,3,29,boot,0.102227,0.12182,0.09416,-0.00769,-0.00363,-0.00659,0.009888,0.003539,0.003006
Anna,3,30,bat,0.086843,0.118823,0.146149,-0.00974,-0.00934,-0.00031,0.010525,0.003269,0.00408
Anna,3,31,beet,0.118353,0.094187,0.067321,-0.00815,-0.00406,-0.00397,0.00824,0.002197,0.001819
Anna,4,1,bun,0.034443,0.043549,0.047607,-0.01328,-0.00565,-0.00439,0.005922,0.00177,0.001219
Anna,4,2,boing,0.043058,0.058441,0.109714,-0.00089,-0.00049,-0.0014,0.004301,0.002442,0.002928
Anna,4,3,boat,0.019873,0.027973,0.046294,-0.00794,-0.00808,-0.0058,0.014898,0.002574,0.001618
Anna,4,4,bat,0.054533,0.09255,0.135118,-0.00827,-0.01021,0.001207,0.009705,0.0026,0.003493
Anna,4,5,bind,0.051878,0.104554,0.065061,0.003894,0.010529,0.003145,0.002029,0.002751,0.00204
Anna,4,6,boat,0.049959,0.103728,0.091276,-0.00458,-0.0033,-0.00385,0.005681,0.003401,0.003359
Anna,4,7,boon,0.036966,0.028778,0.042407,-0.00668,0.00226,0.003477,0.011228,0.002501,0.003563
Anna,4,8,Bart,0.069122,0.116375,0.085621,-0.00714,-0.0044,-0.00245,0.003507,0.003721,0.002721
Anna,4,9,but,0.108115,0.118284,0.091268,-0.00754,-0.00729,-0.00369,0.00705,0.003298,0.003077
Anna,4,10,Ben,0.075475,0.081145,0.09573,-0.00809,-0.00623,0.003147,0.010117,0.002749,0.002824
Anna,4,11,beet,0.09909,0.113923,0.107079,-0.00754,-0.00568,-0.00342,0.012392,0.00318,0.002741
Anna,4,12,barn,0.07193,0.096922,0.108873,-0.00455,0.001923,0.000978,0.003885,0.003022,0.003204
Anna,4,13,bout,0.045448,0.084597,0.114911,-0.0083,-0.00467,-0.00293,0.010743,0.003312,0.002618
Anna,4,14,bound,0.067747,0.093522,0.083159,-0.00955,0.000946,0.005676,0.015924,0.003183,0.002444
Anna,4,15,bean,0.075654,0.078942,0.062013,-0.00439,0.014925,0.012299,0.002499,0.00238,0.001584
Anna,4,16,bait,0.094515,0.142746,0.14328,-0.00473,-0.00415,-0.00317,0.005156,0.003442,0.003663
Anna,4,17,boit,0.079773,0.127287,0.132825,-0.00433,-0.00266,-0.00394,0.007629,0.003927,0.003673
Anna,4,18,bane,0.104024,0.112274,0.107941,-0.00848,-0.00592,-0.00586,0.01038,0.00354,0.002661
Anna,4,19,bite,0.114969,0.172273,0.107357,-0.00534,-0.00299,-0.0033,0.00543,0.004268,0.003081
Anna,4,20,berm,0.053465,0.06775,0.099092,-0.00287,-0.00293,-0.00525,0.006535,0.002728,0.002406
Anna,4,21,boot,0.116854,0.13373,0.119018,-0.00525,-0.00366,-0.0047,0.012788,0.007967,0.006827
Anna,4,22,bort,0.076631,0.160931,0.155921,-0.00443,-0.00284,-0.00381,0.00728,0.005314,0.005493
Anna,4,23,bot,0.081767,0.131169,0.148773,-0.00537,-0.00272,-0.00418,0.003906,0.003293,0.003788
Anna,4,24,bet,0.131655,0.150079,0.167549,-0.00641,-0.00278,2.48E-05,0.018195,0.003555,0.00426
Anna,4,25,bit,0.12262,0.158875,0.113091,-0.00146,-0.0015,-0.00247,0.010518,0.003902,0.003258
Anna,4,26,bomb,0.050356,0.050232,0.05457,-0.00771,0.001623,0.001129,0.004517,0.001716,0.001341
Anna,4,27,ban,0.066315,0.080911,0.079619,-0.00684,-0.00564,0.003969,0.006321,0.002242,0.002362
Anna,4,28,bone,0.036682,0.022307,0.037751,-0.00375,-6.10E-05,0.000122,0.003932,0.001955,0.002179
Anna,4,29,bot,0.065308,0.099304,0.112335,-0.00748,-0.00443,-0.00333,0.006344,0.002163,0.003605
Anna,4,30,born,0.078226,0.11554,0.114216,-0.00372,0.002379,0.002901,0.006679,0.003479,0.00293
Anna,4,31,bing,0.096178,0.093756,0.047445,-0.0076,-0.004,0.016718,0.009704,0.00232,0.00212
Anna,5,1,beet,0.077066,0.089294,0.074007,-0.0026,-0.00043,-0.00235,0.006598,0.002441,0.002227
Anna,5,2,bin,0.074255,0.064545,0.026641,-0.01312,0.008763,0.023092,0.003671,0.001581,0.00093
Anna,5,3,berm,0.08403,0.056156,0.053352,0.001694,-0.00302,-0.00095,0.003519,0.002116,0.001316
Anna,5,4,bet,0.043936,0.07077,0.055553,-0.00214,-0.00302,0.000275,0.004732,0.001916,0.001838
Anna,5,5,boing,0.022997,0.068997,0.087168,-0.00403,-0.00485,0.003634,0.005899,0.00192,0.001984
Anna,5,6,burt,0.018812,0.042297,0.032929,-0.00223,-0.00116,0.000671,0.002241,0.00189,0.001001
Anna,5,7,bat,0.027174,0.063718,0.074828,-0.00698,0.002531,0.001892,0.001647,0.001311,0.002227
Anna,5,8,bart,0.026949,0.029968,-0.00397,-0.00446,0.003571,-0.00116,0.002113,0.001649,0.000305
Anna,5,9,Ben,0.038718,0.025581,-0.00241,-0.00049,-0.00052,0.011249,0.009952,0.0016,0.002096
Anna,5,10,bomb,0.052888,0.053162,0.039927,-0.00122,0.003265,0.00589,0.003846,0.001618,0.001598
Anna,5,11,boing,0.017088,0.035149,0.0755,-0.00403,0.005219,0.004364,0.002139,0.001366,0.00201
Anna,5,12,bot,0.043762,0.074803,0.131703,-0.00218,-0.00204,-3.05E-05,0.003806,0.00204,0.003246
Anna,5,13,bind,0.004912,0.051783,0.053986,-0.00412,-0.00644,0.006958,0.025764,0.002624,0.001526
Anna,5,14,bean,0.034515,0.042863,0.041511,-0.00336,0.011688,0.022802,0.004846,0.001556,0.00128
Anna,5,15,boon,0.02182,0.024445,0.036349,-0.00464,-0.00193,0.004698,0.015869,0.001557,0.001381
Anna,5,16,but,0.076324,0.094786,0.073056,-0.00204,0.000417,-0.00104,0.007917,0.002704,0.002286
Anna,5,17,barn,0.014022,0.024414,0.043538,-0.00375,0.000275,0.002747,0.003249,0.001131,0.0016
Anna,5,18,Bart,0.028794,0.07564,0.061806,-0.00311,0.002228,-0.00083,0.003437,0.001891,0.00175
Anna,5,19,bit,0.154358,0.169004,0.120893,-0.00366,-0.00095,0.001434,0.017548,0.004894,0.003804
Anna,5,20,bait,0.072017,0.088262,0.092007,-0.00183,3.05E-05,-0.00018,0.003482,0.00265,0.00287
Anna,5,21,bite,0.052717,0.081025,0.096893,-0.00274,-0.00638,-0.00049,0.024577,0.003544,0.002117
Anna,5,22,bout,0.011927,0.053666,0.061708,-0.00076,-0.00018,-0.00061,0.008099,0.002926,0.002197
Anna,5,23,bat,0.054931,0.099803,0.123659,-0.00464,-0.0029,0.001373,0.00417,0.003418,0.003293
Anna,5,24,ban,0.05893,0.066741,0.05545,-0.00687,0.007538,0.008881,0.009278,0.001892,0.001375
Anna,5,25,bout,0.034557,0.073576,0.072815,-0.00507,-0.00125,0.000519,0.008285,0.002486,0.002351
Anna,5,26,bolt,0.036164,0.066213,0.038457,-0.00598,-0.00128,-0.00058,0.004121,0.002246,0.001271
Anna,5,27,boit,0.026501,0.100028,0.07867,-0.00262,0,0.000185,0.005765,0.002784,0.001834
Anna,5,28,bone,0.041134,0.043525,0.043787,-0.00592,-0.0033,0.003876,0.017692,0.001696,0.001681
Anna,5,29,bun,0.067313,0.072815,0.059723,-0.00486,-0.00364,0.00415,0.035017,0.003441,0.001954
Anna,5,30,boat,0.041961,0.06305,0.051004,-0.00586,-0.00143,0.000458,0.001953,0.002019,0.002561
Anna,5,31,bane,0.03549,0.040867,0.068816,-0.00412,-0.00226,0.001068,0.007157,0.001699,0.002137
Anna,5,,bound,0.007379,0.029984,0.046087,-0.00269,0.005373,0.008698,0.002889,0.001171,0.001167
Anna,5,,boot,0.092785,0.081556,0.070378,-0.00034,-0.00095,0.00049,0.015933,0.006041,0.004879